cells,total_pop,pct_A_gt_0,A_mean,A_p05,A_p95,Gini
8705,707282.0,82.4,4.100203313529823e-05,0.0,0.00040259204546377083,0.6708851899848881
