cells,total_pop,pct_A_gt_0,A_mean,A_p05,A_p95,Gini
8705,707282.0,93.7,4.100203313529823e-05,0.0,0.0002627492574300805,0.5305734692986679
